lb,cpu,cpub,eigmin,niter,status,gc
-480.02082803107254,1.347053050994873,0.1599407196044922,1.2712584267294712e-10,16,1,1
