lb,cpu,cpub,eigmin,niter,status,gc
-1263.4040277591148,2.0132100582122803,0.16254472732543945,8.859735535059228e-12,24,1,1
