lb,cpu,cpub,eigmin,niter,status,gc
-606.9999999991288,1.072371006011963,0.1679389476776123,1.8038408658277655e-14,12,1,1
