lb,cpu,cpub,eigmin,niter,status,gc
-1325.167832052713,1.732374906539917,0.16231203079223633,1.6807416011258444e-11,20,1,1
