lb,cpu,cpub,eigmin,niter,status,gc
-1088.49999863865,1.7493250370025635,0.1631758213043213,1.0779004296880326e-13,21,1,1
