lb,cpu,cpub,eigmin,niter,status,gc
-865.810726433978,1.8031699657440186,0.16140222549438477,2.070643005555315e-14,19,1,1
