lb,cpu,cpub,eigmin,niter,status,gc
-1016.5024772616706,1.8869941234588623,0.16084980964660645,1.3112448617274008e-11,22,1,1
