lb,cpu,cpub,eigmin,niter,status,gc
-889.9999862802691,1.793914794921875,0.17036008834838867,3.1496244355301336e-11,20,1,1
