lb,cpu,cpub,eigmin,niter,status,gc
-1364.8448275223398,1.7033979892730713,0.16234397888183594,2.529692761766161e-13,14,1,1
