lb,cpu,cpub,eigmin,niter,status,gc
-1186.0375204235615,1.5450830459594727,0.17116093635559082,2.9973443218169968e-12,17,1,1
