lb,cpu,cpub,eigmin,niter,status,gc
-1313.9999999997706,1.0201239585876465,0.16840386390686035,3.905615727790241e-15,11,1,1
