lb,cpu,cpub,eigmin,niter,status,gc
-705.4999795602764,1.2232780456542969,0.16409921646118164,2.3024452029283235e-10,14,1,1
