lb,eigmin,depth,density,nbnegeig,nbcuts,nbsoccuts,cpuit,cpu,status,cuttype,gc,cpub
-6.8213636409599525,-0.7662621644517655,-0.7662621644517655,0,1,1,0,151.29831099510193,153.37972402572632,0,FROB-S,0,14.259913921356201
-6.584031494577572,-0.6325569669035966,-0.6325569669035966,0,1,1,0,202.5836899280548,357.9286398887634,0,FROB-S,0,
-6.460159640389477,-0.520120848681901,-0.520120848681901,0,1,1,0,204.1482129096985,564.0324850082397,0,FROB-S,0,
-6.442901548233258,-0.4985189625791983,-0.4985189625791983,0,1,1,0,242.36665320396423,808.3650810718536,0,FROB-S,0,
-6.42204853422973,-0.5368430378775654,-0.5368430378775654,0,1,1,0,233.42192101478577,1043.7789380550385,0,FROB-S,0,
-6.296367691768595,-0.3553090233857144,-0.3553090233857144,0,1,1,0,207.2849338054657,1253.0303301811218,0,FROB-S,0,
-6.263164267540135,-0.7667368432176348,-0.7667368432176348,0,1,1,0,179.8331789970398,1434.8332951068878,0,FROB-S,0,
-6.186301319131814,-0.5525829964312445,-0.5525829964312445,0,1,1,0,214.64224195480347,1651.4618909358978,0,FROB-S,0,
-6.129748045605167,-0.47065413917182297,-0.47065413917182297,0,1,1,0,180.39015007019043,1833.8515031337738,0,FROB-S,0,
