lb,eigmin,depth,density,nbnegeig,nbcuts,nbsoccuts,cpuit,cpu,status,cuttype,gc,cpub
-6.8213636409599525,-0.7662621644517655,-0.7662621644517655,0,1,1,0,151.73870992660522,153.82084202766418,0,EIG-1,0,14.041551113128662
-6.584024198829516,-0.6325497521045891,-0.6325497521045891,0,1,1,0,201.3262538909912,357.1409161090851,0,EIG-1,0,
-6.460164731335934,-0.5201521038899497,-0.5201521038899497,0,1,1,0,242.35839104652405,601.5029330253601,0,EIG-1,0,
-6.442894538529276,-0.4985072304346469,-0.4985072304346469,0,1,1,0,234.90075707435608,838.3783659934998,0,EIG-1,0,
-6.422054809462299,-0.5368428212825664,-0.5368428212825664,0,1,1,0,259.1884820461273,1099.525223016739,0,EIG-1,0,
-6.296371353526888,-0.3553032611347223,-0.3553032611347223,0,1,1,0,193.43885803222656,1294.9206869602203,0,EIG-1,0,
-6.263174127544259,-0.7632937026505808,-0.7632937026505808,0,1,1,0,171.87012100219727,1468.7595431804657,0,EIG-1,0,
-6.186298992824922,-0.5526003368635637,-0.5526003368635637,0,1,1,0,208.79952311515808,1679.5187821388245,0,EIG-1,0,
-6.129751498254933,-0.4706257607194208,-0.4706257607194208,0,1,1,0,205.8644711971283,1887.350123167038,0,EIG-1,0,
