lb,cpu,cpub,eigmin,niter,status,gc
-2534.999999494839,7.505568027496338,0.2948000431060791,7.749765509783517e-13,15,1,1
