lb,eigmin,depth,density,nbnegeig,nbcuts,nbsoccuts,cpuit,cpu,status,cuttype,gc,cpub
-2460.497003347395,-2.0207113678415256,-4.0027418782963595,100,13,1,0,0.2120521068572998,0.21380925178527832,0,FROB-0,0,0.011287927627563477
-1915.9515162235,-2.0589059276891373,-4.165092242356452,100,14,1,0,0.22617292404174805,0.44170308113098145,0,FROB-0,0.5634217962791679,
-1612.195243745347,-1.8973694645046597,-3.9487228197748334,100,14,1,0,0.28406596183776855,0.7274351119995117,0,FROB-0,0.8777075790420078,
-1578.0430421032777,-0.3139187975188606,-0.6186205253569047,100,14,1,0,0.36836886405944824,1.0974540710449219,0,FROB-0,0.9130436441661415,
-1564.2392384697591,-0.20711442421713155,-0.4500179548469892,100,14,1,0,0.46280813217163086,1.5618860721588135,0,FROB-0,0.9273259475229452,
-1553.8527782873273,-0.16973113687425675,-0.3842334690912193,100,14,1,0,0.4205210208892822,1.986401081085205,0,FROB-0,0.9380724474781204,
-1543.3237140901792,-0.21596453273876498,-0.44091040131724923,100,14,1,0,0.35553693771362305,2.344041109085083,0,FROB-0,0.9489664947218653,
