lb,cpu,cpub,eigmin,niter,status,gc
-2454.4999072835453,5.5502049922943115,0.2975449562072754,3.395367319971887e-11,14,1,1
