lb,cpu,cpub,eigmin,niter,status,gc
-863.0865167640249,8.69360613822937,0.2949848175048828,6.030558438590092e-13,23,1,1
