lb,cpu,cpub,eigmin,niter,status,gc
-1491.0561797689875,63.9523241519928,0.6714491844177246,9.368857028151338e-12,23,1,1
