lb,eigmin,depth,density,nbnegeig,nbcuts,nbsoccuts,cpuit,cpu,status,cuttype,gc,cpub
-1115.4999094247287,-1.658110024474684,-1.658110024474684,100,1,1,0,0.048692941665649414,0.049571990966796875,0,EIG-1,0,0.0054018497467041016
-1009.7048804742296,-1.6905804408038088,-1.6905804408038088,100,1,1,0,0.048478126525878906,0.09889411926269531,0,EIG-1,0.307991430307676,
-933.4162076197449,-1.581670700634777,-1.581670700634777,100,1,1,0,0.05358004570007324,0.15326619148254395,0,EIG-1,0.5300836940162186,
-891.3815785283183,-1.4681727008391587,-1.4681727008391587,100,1,1,0,0.05608510971069336,0.21024703979492188,0,EIG-1,0.6524552805146602,
