lb,eigmin,depth,density,nbnegeig,nbcuts,nbsoccuts,cpuit,cpu,status,cuttype,gc,cpub
-1870.7479161102776,-1.552726342187783,-3.4577446733955477,100,17,1,0,0.4741659164428711,0.4769570827484131,0,FROB-0,0,0.019622087478637695
-1817.1292562821318,-2.2495693568414628,-5.395990499854355,100,19,1,0,0.9283730983734131,1.4083869457244873,0,FROB-0,0.12110426244124042,
-1709.4044053406055,-2.1303377834359467,-5.479911131103346,100,18,1,0,0.6480119228363037,2.0590627193450928,0,FROB-0,0.3644139360078659,
-1606.6406698250098,-2.1115769602974517,-4.865247959466915,100,17,1,0,0.726834774017334,2.7886269092559814,0,FROB-0,0.5965183271883063,
-1557.3760386719443,-1.9794950476284567,-4.283407805543926,95,15,1,0,0.8118629455566406,3.6032090187072754,0,FROB-0,0.7077884864827383,
-1530.3927197230978,-0.7505424628371583,-1.784735766178801,100,19,1,0,0.8800539970397949,4.4860498905181885,0,FROB-0,0.7687335930928341,
-1525.8579140487398,-1.3770188966378243,-2.167719260695224,100,18,1,0,1.3011481761932373,5.790129899978638,0,FROB-0,0.7789760030722644,
-1523.2389985082925,-0.669596748777917,-1.3467070664490146,100,19,1,0,0.9285831451416016,6.725105047225952,0,FROB-0,0.7848911422409476,
