lb,cpu,cpub,eigmin,niter,status,gc
-1466.8444444385177,1.973229169845581,0.16395020484924316,3.217907156622208e-14,14,1,1
