lb,cpuit,cpu,status,gc,cpub
-2000000000,11.273523807525635,11.274210929870605,-13,0,0.030178070068359375
