lb,eigmin,depth,density,nbnegeig,nbcuts,nbsoccuts,cpuit,cpu,status,cuttype,gc,cpub
-2480.99367766367,-2.1078741868872393,-4.252377866156251,100,13,1,0,0.2139739990234375,0.21571993827819824,0,FROB-0,0,0.011175155639648438
-1897.1241140205464,-2.044476639714438,-3.8991993772694418,100,14,1,0,0.24930381774902344,0.4667329788208008,0,FROB-0,0.4656544658292492,
-1585.5205446751033,-1.7071082567185352,-3.5606154392180343,100,11,1,0,0.3277888298034668,0.7961809635162354,0,FROB-0,0.7141681796263403,
-1481.4376035684425,-1.7184976238043874,-3.7567330099539986,100,15,1,0,0.25008201599121094,1.0478599071502686,0,FROB-0,0.7971776210511436,
-1425.8323634636633,-0.9730037565768246,-1.768409273547389,99,10,1,0,0.3052079677581787,1.354705810546875,0,FROB-0,0.8415245608312149,
-1399.954897622168,-0.5362673900604156,-1.1853754146438882,100,13,1,0,0.3633570671081543,1.721240758895874,0,FROB-0,0.8621626592760954,
-1388.3105583053143,-0.5473628343486957,-1.1847706313267339,100,14,1,0,0.3286459445953369,2.0515589714050293,0,FROB-0,0.8714493886111394,
-1373.6573503181955,-0.5085605878199153,-0.9548686290535563,100,13,1,0,0.3283660411834717,2.3815948963165283,0,FROB-0,0.8831357859896082,
-1359.079871012057,-0.5216727475934749,-1.0656948114234208,100,12,1,0,0.34420013427734375,2.7274250984191895,0,FROB-0,0.8947617873469693,
