lb,cpuit,cpu,status,gc,cpub
-2000000000,6.267160892486572,6.268179893493652,-13,0,0.04348111152648926
