lb,cpuit,cpu,status,gc,cpub
-2000000000,17.153715133666992,17.15437388420105,-13,0,0.029983043670654297
