lb,cpu,cpub,eigmin,niter,status,gc
-1085.9999998431824,5.184693813323975,0.2976822853088379,1.2840104502517264e-12,14,1,1
