lb,eigmin,depth,density,nbnegeig,nbcuts,nbsoccuts,cpuit,cpu,status,cuttype,gc,cpub
-3433.7669081590807,-1.8860497329474246,-4.846389183524288,100,21,1,0,4.856693983078003,4.861304998397827,0,FROB-0,0,0.030241966247558594
-3433.7669081590807,,,,,,,17.412575006484985,22.274505138397217,-13,,0.0,
