lb,cpu,cpub,eigmin,niter,status,gc
-1838.4999998212695,8.752061128616333,0.2949650287628174,8.938927505241446e-14,19,1,1
