lb,eigmin,depth,density,nbnegeig,nbcuts,nbsoccuts,cpuit,cpu,status,cuttype,gc,cpub
-2348.991523871222,-1.8971561240684303,-3.736701926519993,100,14,1,0,0.2044239044189453,0.2062227725982666,0,FROB-0,0,0.011356115341186523
-1974.6910028448503,-1.8580231718023186,-4.187772971375472,100,13,1,0,0.23731613159179688,0.44522881507873535,0,FROB-0,0.6941653291479217,
-1880.7037030761926,-0.37838870129377566,-0.7074057189404622,100,14,1,0,0.33664822578430176,0.7835788726806641,0,FROB-0,0.8684710573385538,
-1860.1773773381146,-0.3033518282933049,-0.638771729866548,100,14,1,0,0.31270599365234375,1.0979478359222412,0,FROB-0,0.9065385001064639,
-1843.2851565910325,-0.18805657821775745,-0.3850828130633502,100,13,1,0,0.370607852935791,1.4702370166778564,0,FROB-0,0.9378662523168634,
-1835.4197332927365,-0.21650269043486342,-0.3438825987526305,100,13,1,0,0.3663759231567383,1.8382737636566162,0,FROB-0,0.9524532054361852,
-1830.2660965177379,-0.2184387935923048,-0.3906684659517471,100,12,1,0,0.39399099349975586,2.2339248657226562,0,FROB-0,0.9620109692309454,
