lb,eigmin,depth,density,nbnegeig,nbcuts,nbsoccuts,cpuit,cpu,status,cuttype,gc,cpub
-1600.4995124089696,-1.157658291575741,-2.446143528952609,100,16,1,0,0.604982852935791,0.6078372001647949,0,FROB-0,0,0.01964712142944336
-1599.9805577851225,-2.0617369289809497,-4.787325429150022,100,19,1,0,1.1814839839935303,1.7941110134124756,0,FROB-0,0.003025983062362405,
-1581.4108208562186,-2.5458433711677326,-5.485693668502179,100,18,1,0,0.952996015548706,2.75018310546875,0,FROB-0,0.11130463949446195,
-1537.8370988552088,-2.1755392748231626,-5.355420988835887,100,19,1,0,0.6569380760192871,3.4105520248413086,0,FROB-0,0.3653795406133573,
-1521.2139824959831,-1.7590575028444126,-3.293776377951689,99,18,1,0,0.8851258754730225,4.302013158798218,0,FROB-0,0.4623076076065844,
-1509.256840130622,-1.5672043613011615,-3.234678062086989,100,17,1,0,0.8261840343475342,5.131615877151489,0,FROB-0,0.5320287520172743,
-1500.7242539307883,-1.6569622665520016,-3.0230462878212068,100,18,1,0,0.9499480724334717,6.084321975708008,0,FROB-0,0.5817815822887157,
-1493.8059923550718,-1.2956264767540537,-2.6003537709214473,100,19,1,0,0.9725589752197266,7.059638023376465,0,FROB-0,0.6221214143031599,
-1490.772898781281,-1.4178546919271664,-2.7681059488643873,100,17,1,0,0.919680118560791,7.985754013061523,0,FROB-0,0.6398071412609677,
