lb,cpuit,cpu,status,gc,cpub
-2000000000,15.086205959320068,15.087135076522827,-13,0,0.04303097724914551
