lb,cpu,cpub,eigmin,niter,status,gc
-1653.6285050019787,9.605331182479858,0.29640817642211914,4.9198038215362515e-11,19,1,1
