lb,cpu,cpub,eigmin,niter,status,gc
-2436.49999999194,9.729440212249756,0.2940218448638916,2.6505720775192552e-14,21,1,1
