lb,cpu,cpub,eigmin,niter,status,gc
-1908.1855446246598,8.772564172744751,0.2962827682495117,1.5534144183855438e-12,21,1,1
