lb,cpu,cpub,eigmin,niter,status,gc
-1809.7820512722083,1.9447479248046875,0.16210222244262695,3.839838968319621e-14,12,1,1
