lb,cpu,cpub,eigmin,niter,status,gc
-1671.3124156647318,27.37510585784912,0.4629230499267578,2.2222875411210224e-11,24,1,1
