lb,cpu,cpub,eigmin,niter,status,gc
-1160.4390035661968,11.345058917999268,0.29427099227905273,9.686279061577997e-12,22,1,1
