lb,cpu,cpub,eigmin,niter,status,gc
-1657.5520743670543,3.0534861087799072,0.16374707221984863,2.538913610874768e-10,25,1,1
