lb,eigmin,depth,density,nbnegeig,nbcuts,nbsoccuts,cpuit,cpu,status,cuttype,gc,cpub
-1405.2498990084478,-1.6069821342271497,-3.118664753956935,100,12,1,0,0.18039917945861816,0.18213891983032227,0,FROB-0,0,0.010902166366577148
-1218.4642320691291,-1.9008633908604673,-4.043078758092405,100,13,1,0,0.1905980110168457,0.37442493438720703,0,FROB-0,0.2704777876983895,
-1084.8139629398588,-1.6942653789246729,-3.6374704310362276,100,14,1,0,0.17356109619140625,0.5495960712432861,0,FROB-0,0.4640120653104041,
-1015.3540387972326,-1.6456361946075866,-3.462567949368509,100,13,1,0,0.19842791557312012,0.749769926071167,0,FROB-0,0.5645945506993872,
-977.3068351737052,-1.6558543241823096,-3.198531493005819,100,11,1,0,0.17380690574645996,0.9252979755401611,0,FROB-0,0.6196893747982035,
-950.1169038409364,-1.5309138666783575,-3.126052356804565,100,13,1,0,0.17198705673217773,1.0989768505096436,0,FROB-0,0.6590621628448775,
-929.3312803208121,-1.41080440484309,-3.008043235873238,100,14,1,0,0.19221282005310059,1.2928438186645508,0,FROB-0,0.6891610968679108,
-915.6986797619061,-1.6623434422079266,-2.8143211017555974,100,12,1,0,0.20203709602355957,1.4969298839569092,0,FROB-0,0.7089019886620689,
-903.7040620434956,-1.3162702765687986,-2.3633872896468,99,13,1,0,0.1905689239501953,1.689039945602417,0,FROB-0,0.7262709748263956,
