lb,cpu,cpub,eigmin,niter,status,gc
-1428.9999986470048,6.887902021408081,0.2953519821166992,1.3659016671930261e-11,17,1,1
