lb,cpu,cpub,eigmin,niter,status,gc
-2476.377777589368,7.773432970046997,0.29518914222717285,1.4324057531867e-12,18,1,1
