lb,cpu,cpub,eigmin,niter,status,gc
-839.4999999993145,6.133358001708984,0.29596686363220215,3.5044733119583347e-15,14,1,1
