lb,eigmin,depth,density,nbnegeig,nbcuts,nbsoccuts,cpuit,cpu,status,cuttype,gc,cpub
-2346.7413351782657,-2.1354232888850255,-3.9197660208500498,100,14,1,0,0.20852088928222656,0.21032214164733887,0,FROB-0,0,0.011443138122558594
-1821.575682201165,-1.8892286659197142,-3.988089678770843,100,13,1,0,0.22019004821777344,0.4322049617767334,0,FROB-0,0.5000428333815897,
-1570.0268881998873,-1.9566578173659313,-3.650336502166406,100,13,1,0,0.24391794204711914,0.6777970790863037,0,FROB-0,0.7395580624775134,
-1453.1442981814803,-1.6511044102891819,-3.2577126538380123,100,13,1,0,0.26017189025878906,0.9396929740905762,0,FROB-0,0.8508492353759274,
-1397.2745405648518,-0.49218712006625104,-1.0275134357631344,100,14,1,0,0.3668029308319092,1.3081910610198975,0,FROB-0,0.904046301369464,
-1392.1093770091754,-0.3334257396223717,-0.6253576536681783,100,12,1,0,0.3436918258666992,1.6535420417785645,0,FROB-0,0.9089643743710362,
-1384.3861442992015,-0.2500210343881969,-0.5303749226427259,100,13,1,0,0.3413519859313965,1.996561050415039,0,FROB-0,0.9163181438821758,
