lb,cpu,cpub,eigmin,niter,status,gc
-1410.9999936950524,22.700187921524048,0.46418094635009766,2.5114967498576935e-11,19,1,1
