lb,cpu,cpub,eigmin,niter,status,gc
-1435.9947880314728,11.92041301727295,0.29613590240478516,4.800080851912173e-11,24,1,1
