lb,cpu,cpub,eigmin,niter,status,gc
-2113.6491468779745,9.694844961166382,0.2961397171020508,3.683673981849443e-12,24,1,1
