lb,cpu,cpub,eigmin,niter,status,gc
-2135.49999998794,9.83756399154663,0.28924107551574707,7.528077830467483e-14,21,1,1
