lb,cpuit,cpu,status,gc,cpub
-2000000000,13.845155954360962,13.845836877822876,-13,0,0.031008005142211914
