lb,eigmin,depth,density,nbnegeig,nbcuts,nbsoccuts,cpuit,cpu,status,cuttype,gc,cpub
-3338.2475668687757,-2.0961076937787277,-2.0961076937787277,100,1,1,0,0.479172945022583,0.4856886863708496,0,EIG-1,0,0.020244359970092773
-3338.249928475394,-2.220787383627277,-2.220787383627277,100,1,1,0,0.878026008605957,1.3679797649383545,0,EIG-1,-2.6722635049009555e-06,
-3325.279115776728,-2.6026708873441486,-2.6026708873441486,100,1,1,0,0.8596179485321045,2.2340197563171387,0,EIG-1,0.014674382388898613,
-3304.54660392231,-2.8904318383770837,-2.8904318383770837,100,1,1,0,0.7124741077423096,2.949941635131836,0,EIG-1,0.03813414675664594,
-3262.812491330951,-2.391963499055842,-2.391963499055842,99,1,1,0,0.7380309104919434,3.694337844848633,0,EIG-1,0.08535816159697501,
-3220.1325940598117,-2.3335834912948954,-2.3335834912948954,100,1,1,0,0.6283049583435059,4.326056957244873,0,EIG-1,0.1336523741000898,
-3188.0209764071747,-2.3261446289258645,-2.3261446289258645,100,1,1,0,0.6163930892944336,4.945128917694092,0,EIG-1,0.1699881055776792,
-3146.1448685592723,-2.4168280458368634,-2.4168280458368634,100,1,1,0,0.5832400321960449,5.532509803771973,0,EIG-1,0.2173727944011338,
-3090.192729770113,-2.5872890607685077,-2.5872890607685077,100,1,1,0,0.620229959487915,6.159383773803711,0,EIG-1,0.2806851417463241,
