lb,eigmin,depth,density,nbnegeig,nbcuts,nbsoccuts,cpuit,cpu,status,cuttype,gc,cpub
-3476.487677874228,-1.9674907171605989,-1.9674907171605989,100,1,1,0,2.437041997909546,2.44111704826355,0,EIG-1,0,0.03016805648803711
-3476.487677874228,,,,,,,7.90142297744751,10.34363317489624,-13,,0.0,
