lb,cpu,cpub,eigmin,niter,status,gc
-1227.1249692355138,2.499660015106201,0.16212010383605957,8.353336085439208e-11,16,1,1
