lb,cpu,cpub,eigmin,niter,status,gc
-1180.842704290554,11.69005799293518,0.2952098846435547,2.1602615795578874e-13,21,1,1
