lb,cpuit,cpu,status,gc,cpub
-2000000000,8.459558010101318,8.460227012634277,-13,0,0.03016185760498047
