lb,cpuit,cpu,status,gc,cpub
-2000000000,5.599188804626465,5.5998687744140625,-13,0,0.030486106872558594
