lb,cpuit,cpu,status,gc,cpub
-2000000000,11.266107082366943,11.266765832901001,-13,0,0.03025984764099121
