lb,eigmin,depth,density,nbnegeig,nbcuts,nbsoccuts,cpuit,cpu,status,cuttype,gc,cpub
-1227.7487684869684,-1.7076253175150735,-1.7076253175150735,100,1,1,0,0.049970149993896484,0.05086469650268555,0,EIG-1,0,0.005324125289916992
-1129.754962575743,-1.5656741465412773,-1.5656741465412773,100,1,1,0,0.05244898796081543,0.10410475730895996,0,EIG-1,0.26496208811233724,
-1055.2865276567602,-1.3618861605849233,-1.3618861605849233,100,1,1,0,0.05286908149719238,0.15791106224060059,0,EIG-1,0.46631473311998617,
-1004.6624973476978,-1.5002019459478406,-1.5002019459478406,100,1,1,0,0.053858041763305664,0.21271896362304688,0,EIG-1,0.6031953109751106,
-970.7210630969262,-1.5238899937491794,-1.5238899937491794,100,1,1,0,0.05175304412841797,0.26528191566467285,0,EIG-1,0.6949683899874635,
-942.7932335737626,-1.029475455933666,-1.029475455933666,100,1,1,0,0.07052993774414062,0.33658289909362793,0,EIG-1,0.7704814895971108,
-925.4343689562694,-0.8333707149207603,-0.8333707149207603,100,1,1,0,0.06964111328125,0.4070718288421631,0,EIG-1,0.8174175277838213,
