lb,eigmin,depth,density,nbnegeig,nbcuts,nbsoccuts,cpuit,cpu,status,cuttype,gc,cpub
-1405.2498990084478,-1.6069821342271497,-1.6069821342271497,100,1,1,0,0.1773691177368164,0.17906403541564941,0,EIG-1,0,0.011046171188354492
-1404.5957323339771,-1.9458976725482648,-1.9458976725482648,100,1,1,0,0.25527477264404297,0.4359607696533203,0,EIG-1,0.0009472758686259734,
-1400.619692062505,-2.0681518786487816,-2.0681518786487816,100,1,1,0,0.2466411590576172,0.6842470169067383,0,EIG-1,0.006704840643533796,
-1394.5090151238978,-2.024899123488554,-2.024899123488554,100,1,1,0,0.20726418495178223,0.893082857131958,0,EIG-1,0.015553498074143754,
-1379.4594223925064,-2.1406251029477903,-2.1406251029477903,100,1,1,0,0.21024799346923828,1.104933738708496,0,EIG-1,0.03734628664539382,
-1352.5722923017381,-2.1774015579687944,-2.1774015579687944,100,1,1,0,0.1819319725036621,1.2885057926177979,0,EIG-1,0.07628059881010826,
-1323.8075768586673,-1.8964517094918258,-1.8964517094918258,100,1,1,0,0.17635297775268555,1.4675090312957764,0,EIG-1,0.11793377661707066,
-1288.8909403456382,-2.0192855868887825,-2.0192855868887825,100,1,1,0,0.1744379997253418,1.6435530185699463,0,EIG-1,0.16849533603790703,
-1257.4058565727896,-2.1600950262841843,-2.1600950262841843,100,1,1,0,0.19086098670959473,1.8362598419189453,0,EIG-1,0.21408778402346454,
