lb,cpu,cpub,eigmin,niter,status,gc
-1513.077514937263,3.3625991344451904,0.16748499870300293,9.229090087643763e-12,21,1,1
