lb,cpuit,cpu,status,gc,cpub
-2000000000,4.844380855560303,4.845041275024414,-13,0,0.030019760131835938
