lb,eigmin,depth,density,nbnegeig,nbcuts,nbsoccuts,cpuit,cpu,status,cuttype,gc,cpub
-1636.997100346801,-1.5398950453685576,-2.987271141930105,100,14,1,0,0.1919870376586914,0.19368815422058105,0,FROB-0,0,0.011360883712768555
-1513.8442657358996,-1.9116356545350204,-3.8994447696696675,100,13,1,0,0.1852710247039795,0.38055920600891113,0,FROB-0,0.47398555654761965,
-1416.5834662488144,-0.45822853906246197,-0.993353267365734,100,14,1,0,0.29009389877319336,0.6725401878356934,0,FROB-0,0.848318914937665,
-1409.135951480609,-0.2914973785483824,-0.6191936931116858,100,14,1,0,0.27631211280822754,0.9505200386047363,0,FROB-0,0.8769826029758447,
-1400.2928824763421,-0.3239026604573629,-0.5943233897266057,100,14,1,0,0.25806593894958496,1.2104952335357666,0,FROB-0,0.9110174426676745,
-1393.5242060922083,-0.1399594477407407,-0.29120157441596034,100,12,1,0,0.31952881813049316,1.531783103942871,0,FROB-0,0.9370684454981073,
