lb,cpu,cpub,eigmin,niter,status,gc
-1867.4999999951096,9.834074020385742,0.2954270839691162,3.189250919346608e-15,19,1,1
