lb,cpu,cpub,eigmin,niter,status,gc
-771.9999982589785,0.13126301765441895,0.06785392761230469,1.9614463284614546e-11,9,1,1
