lb,eigmin,depth,density,nbnegeig,nbcuts,nbsoccuts,cpuit,cpu,status,cuttype,gc,cpub
-1010.7490792447245,-1.304901368789057,-1.304901368789057,100,1,1,0,0.048165082931518555,0.04900979995727539,0,EIG-1,0,0.005101203918457031
-943.7072077787772,-1.3185034108703202,-1.3185034108703202,100,1,1,0,0.05724287033081055,0.10712480545043945,0,EIG-1,0.22036259010579512,
-914.4327919073355,-1.2560994043666507,-1.2560994043666507,100,1,1,0,0.06394076347351074,0.171983003616333,0,EIG-1,0.3165858303615767,
-885.5332463275798,-1.2004130605280376,-1.2004130605280376,100,1,1,0,0.06461215019226074,0.23752284049987793,0,EIG-1,0.41157689456643176,
-868.6361145767587,-1.4769469175052916,-1.4769469175052916,100,1,1,0,0.06050896644592285,0.2989358901977539,0,EIG-1,0.4671167480423463,
-840.4662144420157,-1.292831294446191,-1.292831294446191,100,1,1,0,0.05791497230529785,0.35784077644348145,0,EIG-1,0.5597095116537647,
