lb,eigmin,depth,density,nbnegeig,nbcuts,nbsoccuts,cpuit,cpu,status,cuttype,gc,cpub
-3338.2475668687757,-2.0961076937787277,-4.493247880813362,100,17,1,0,0.483090877532959,0.4858400821685791,0,FROB-0,0,0.01942610740661621
-2929.1050713808177,-2.2777380673214593,-5.5419950091836805,100,19,1,0,0.5860629081726074,1.0747570991516113,0,FROB-0,0.4629630314155299,
-2592.479327601156,-2.3484844697290588,-5.527294549976476,100,18,1,0,0.7817389965057373,1.8591899871826172,0,FROB-0,0.8438701151611891,
-2550.856412861534,-0.3414666651868741,-0.8200693858575101,100,19,1,0,0.8516030311584473,2.717272996902466,0,FROB-0,0.8909683046592602,
-2531.241076377791,-0.3447246637181121,-0.8138192767028632,100,19,1,0,0.9409000873565674,3.6616759300231934,0,FROB-0,0.9131639351324984,
-2519.3755641427533,-0.2938940910913863,-0.572770192314866,100,17,1,0,1.2032668590545654,4.871396064758301,0,FROB-0,0.9265902928787884,
-2510.3677516441394,-0.25620705230946705,-0.49891541550171487,100,18,1,0,1.131633996963501,6.010245084762573,0,FROB-0,0.9367830355705671,
