lb,cpu,cpub,eigmin,niter,status,gc
-1427.999999998229,5.932126998901367,0.2951171398162842,1.2772209407529046e-14,14,1,1
