lb,cpu,cpub,eigmin,niter,status,gc
-706.5147197113716,0.24568986892700195,0.06849384307861328,1.925123216309541e-11,18,1,1
