lb,cpuit,cpu,status,gc,cpub
-2000000000,13.843482971191406,13.844146013259888,-13,0,0.030384063720703125
