lb,cpu,cpub,eigmin,niter,status,gc
-1493.999983317165,1.9069440364837646,0.17057108879089355,7.039476071860091e-11,13,1,1
