lb,cpuit,cpu,status,gc,cpub
-2000000000,4.832242012023926,4.832891941070557,-13,0,0.029989242553710938
