lb,cpu,cpub,eigmin,niter,status,gc
-2106.3404812096214,11.10435700416565,0.2974998950958252,6.170580050579916e-12,23,1,1
