lb,eigmin,depth,density,nbnegeig,nbcuts,nbsoccuts,cpuit,cpu,status,cuttype,gc,cpub
-1525.4993917221934,-1.7236385868649484,-3.3201654534328084,100,13,1,0,0.21587896347045898,0.21773481369018555,0,FROB-0,0,0.01174306869506836
-1298.2641502686156,-1.8979688216671686,-3.785585892969502,100,13,1,0,0.24174284934997559,0.46121692657470703,0,FROB-0,0.26686386245897825,
-1163.012751113001,-1.9429738012625812,-3.7691371375439333,100,14,1,0,0.18512988090515137,0.6485869884490967,0,FROB-0,0.42570238834415397,
-1074.05894790896,-1.8038038578092417,-3.3126702365290344,100,13,1,0,0.2047889232635498,0.8554089069366455,0,FROB-0,0.5301692630753599,
-1019.9792572776713,-1.6278438670519986,-3.1852693309465425,100,14,1,0,0.23260211944580078,1.0898261070251465,0,FROB-0,0.5936801649501495,
-991.9346235453377,-1.5237074027725734,-2.943095009042541,100,11,1,0,0.27797508239746094,1.3696849346160889,0,FROB-0,0.6266156340753769,
-967.6161737352603,-1.4788917751918524,-2.7841020201764426,100,12,1,0,0.24484705924987793,1.6163949966430664,0,FROB-0,0.6551750925634998,
-949.9647592244692,-1.2595555783631953,-2.6605190672003367,100,13,1,0,0.2142930030822754,1.8329079151153564,0,FROB-0,0.675904820153648,
-936.6259058487929,-1.3177000224714774,-2.6876040479103183,100,13,1,0,0.27730393409729004,2.1119089126586914,0,FROB-0,0.6915698988176638,
