lb,cpu,cpub,eigmin,niter,status,gc
-2121.9226227160775,24.835249185562134,0.4817962646484375,1.7854763695343731e-12,21,1,1
