lb,eigmin,depth,density,nbnegeig,nbcuts,nbsoccuts,cpuit,cpu,status,cuttype,gc,cpub
-1227.7487684869684,-1.7076253175150735,-2.740270934364595,100,9,1,0,0.050785064697265625,0.051676034927368164,0,FROB-0,0,0.0053141117095947266
-939.2495182488337,-0.8837994103250176,-1.3414346708500489,91,7,1,0,0.06174492835998535,0.11435794830322266,0,FROB-0,0.7800632198242177,
-913.8042091334838,-0.777664054405241,-0.8789611664075933,100,9,1,0,0.07912898063659668,0.19443297386169434,0,FROB-0,0.8488639177170495,
-908.0167090950647,-0.3110054394373717,-0.46794040046822233,100,9,1,0,0.08646106719970703,0.28182291984558105,0,FROB-0,0.8645125404118243,
-903.8764628702298,-0.5289562738613196,-0.6646543641622679,100,8,1,0,0.08858895301818848,0.3713548183441162,0,FROB-0,0.8757072100629375,
-896.8000217343832,-0.3574054360091931,-0.44139985374760066,100,8,1,0,0.08118796348571777,0.45343708992004395,0,FROB-0,0.8948409563474379,
