lb,cpu,cpub,eigmin,niter,status,gc
-1302.236196504066,26.129307985305786,0.46294379234313965,6.793325660487022e-13,20,1,1
