lb,eigmin,depth,density,nbnegeig,nbcuts,nbsoccuts,cpuit,cpu,status,cuttype,gc,cpub
-2137.9987875284965,-1.7031003625242382,-3.5463713655459417,100,13,1,0,0.23079299926757812,0.23255300521850586,0,FROB-0,0,0.011390924453735352
-1801.8233894073126,-1.9386672664731142,-3.7087305295479176,94,14,1,0,0.23650193214416504,0.47074007987976074,0,FROB-0,0.6213976922487235,
-1656.4476627916085,-0.4092682448309431,-0.8645423892180673,98,12,1,0,0.31131696701049805,0.7840797901153564,0,FROB-0,0.8901149795126049,
-1642.0090511135008,-0.23719933920157907,-0.5171489870086126,100,13,1,0,0.3178119659423828,1.1036028861999512,0,FROB-0,0.9168037854936343,
-1621.9823310897932,-0.1669124776867668,-0.3566986210394127,100,13,1,0,0.4330439567565918,1.5383679866790771,0,FROB-0,0.9538218352247965,
