lb,cpu,cpub,eigmin,niter,status,gc
-673.9969089215933,1.877242088317871,0.16277718544006348,4.402594418239481e-14,18,1,1
