lb,cpu,cpub,eigmin,niter,status,gc
-1296.499999999806,1.7817168235778809,0.16266417503356934,4.520333623120968e-15,13,1,1
