lb,eigmin,depth,density,nbnegeig,nbcuts,nbsoccuts,cpuit,cpu,status,cuttype,gc,cpub
-1836.2487729390227,-1.7320585385833496,-3.3128935980272702,100,13,1,0,0.1636960506439209,0.1653280258178711,0,FROB-0,0,0.01147603988647461
-1606.1033777449156,-1.8963763159306732,-3.7950068433505177,100,14,1,0,0.19498991966247559,0.36197805404663086,0,FROB-0,0.43983933995684765,
-1429.893686523896,-1.554641873145217,-3.3949042469983866,100,13,1,0,0.2886688709259033,0.6523487567901611,0,FROB-0,0.7766001698456472,
-1401.5112838807613,-0.39386103048149995,-0.8041332884210552,100,13,1,0,0.3070979118347168,0.9611659049987793,0,FROB-0,0.8308428247309075,
-1388.906202745025,-0.41564263933213585,-0.7970031014902229,100,14,1,0,0.2890758514404297,1.251932144165039,0,FROB-0,0.8549328594768504,
-1377.751729654971,-0.2866966291957369,-0.6578934008857608,100,13,1,0,0.32796311378479004,1.5816938877105713,0,FROB-0,0.8762505837674355,
-1368.3022914646976,-0.38515030581464427,-0.7575237702679352,100,12,1,0,0.26792001724243164,1.8514149188995361,0,FROB-0,0.8943097530724198,
