lb,cpu,cpub,eigmin,niter,status,gc
-1596.9999999330241,1.307814121246338,0.17050385475158691,7.470592993159938e-18,11,1,1
