lb,eigmin,depth,density,nbnegeig,nbcuts,nbsoccuts,cpuit,cpu,status,cuttype,gc,cpub
-1290.9986588074066,-1.210678934432003,-2.7096384487267287,100,16,1,0,0.39577794075012207,0.40244030952453613,0,FROB-0,0,0.019629716873168945
-1290.9961964516633,-2.1117666314405548,-4.785134120103477,100,19,1,0,1.0988380908966064,1.5046770572662354,0,FROB-0,1.2011570006165214e-05,
-1267.3997886245008,-2.2297442304016637,-5.153901947963568,100,19,1,0,0.9467480182647705,2.454137086868286,0,FROB-0,0.1151171929716096,
-1233.2028592610714,-2.320836245923781,-5.147303949032865,100,18,1,0,0.6694889068603516,3.1263680458068848,0,FROB-0,0.28193257379513703,
-1201.4758879798865,-2.102605983477094,-4.6278451657062964,100,19,1,0,0.6469850540161133,3.7799081802368164,0,FROB-0,0.4366992997897778,
-1186.7541263097753,-2.0691616127426307,-4.079336268957978,95,17,1,0,0.6898860931396484,4.473380088806152,0,FROB-0,0.5085132411320983,
-1168.5447131120777,-1.776319955720313,-3.685107107359582,100,18,1,0,0.9595451354980469,5.435740232467651,0,FROB-0,0.5973402280485124,
-1162.620072348694,-1.4534230279398523,-3.1092882967002624,100,19,1,0,0.8641009330749512,6.306364059448242,0,FROB-0,0.6262411037582292,
