lb,eigmin,depth,density,nbnegeig,nbcuts,nbsoccuts,cpuit,cpu,status,cuttype,gc,cpub
-1115.4999094247287,-1.658110024474684,-2.7782840880201602,100,9,1,0,0.05013608932495117,0.050977230072021484,0,FROB-0,0,0.005365848541259766
-840.0641506152272,-1.415656786142897,-2.5488974533730926,100,10,1,0,0.05402183532714844,0.10581827163696289,0,FROB-0,0.801851033599233,
-787.0566296427755,-0.12582852333008462,-0.22220075010171586,100,9,1,0,0.07792401313781738,0.18456602096557617,0,FROB-0,0.9561670006472529,
-781.0006390898457,-0.14805017600607154,-0.2288953557419092,100,8,1,0,0.08871221542358398,0.2741892337799072,0,FROB-0,0.9737972542690876,
