lb,eigmin,depth,density,nbnegeig,nbcuts,nbsoccuts,cpuit,cpu,status,cuttype,gc,cpub
-3433.7669081590807,-1.8860497329474246,-1.8860497329474246,100,1,1,0,4.8413050174713135,4.8454039096832275,0,EIG-1,0,0.030431032180786133
-3433.753669368932,-1.9999655786165083,-1.9999655786165083,99,1,1,0,10.221004962921143,15.070509195327759,0,EIG-1,8.051796546465861e-06,
-3433.753669368932,,,,,,,9.544934034347534,24.61596393585205,-13,,8.051796546465861e-06,
