lb,eigmin,depth,density,nbnegeig,nbcuts,nbsoccuts,cpuit,cpu,status,cuttype,gc,cpub
-1836.2487729390227,-1.7320585385833496,-1.7320585385833496,100,1,1,0,0.1779630184173584,0.17962384223937988,0,EIG-1,0,0.011382102966308594
-1830.6179369152505,-1.944707776277781,-1.944707776277781,100,1,1,0,0.28287601470947266,0.46425294876098633,0,EIG-1,0.010761298082946028,
-1813.5340707625433,-2.0639204642716935,-2.0639204642716935,100,1,1,0,0.23048901557922363,0.6965210437774658,0,EIG-1,0.043410903807972086,
-1787.1625573793158,-1.9162580886089613,-1.9162580886089613,100,1,1,0,0.21459388732910156,0.912869930267334,0,EIG-1,0.09381047417677754,
-1762.6062417463413,-2.0060365527089177,-2.0060365527089177,100,1,1,0,0.2692070007324219,1.183763027191162,0,EIG-1,0.14074095327965064,
-1736.4541122164107,-2.0893957559010614,-2.0893957559010614,100,1,1,0,0.2274150848388672,1.4128429889678955,0,EIG-1,0.1907212510875173,
-1704.100459427396,-1.9359759803460748,-1.9359759803460748,100,1,1,0,0.22409701347351074,1.63861083984375,0,EIG-1,0.2525535083695335,
-1669.9006528994719,-1.9619088894412973,-1.9619088894412973,100,1,1,0,0.18816018104553223,1.8284621238708496,0,EIG-1,0.3179140180473702,
