lb,eigmin,depth,density,nbnegeig,nbcuts,nbsoccuts,cpuit,cpu,status,cuttype,gc,cpub
-2348.991523871222,-1.8971561240684303,-1.8971561240684303,100,1,1,0,0.20814895629882812,0.20981192588806152,0,EIG-1,0,0.011306047439575195
-2284.6092978316788,-2.023326159999236,-2.023326159999236,100,1,1,0,0.25943803787231445,0.4708828926086426,0,EIG-1,0.11940114057940783,
-2229.8770791345505,-2.068519369435009,-2.068519369435009,100,1,1,0,0.19939208030700684,0.6718800067901611,0,EIG-1,0.22090569767354884,
-2160.127588753213,-1.9283416686033867,-1.9283416686033867,100,1,1,0,0.24355697631835938,0.9170818328857422,0,EIG-1,0.3502607886461573,
-2116.3827339041386,-1.865205999955927,-1.865205999955927,100,1,1,0,0.25995492935180664,1.178663969039917,0,EIG-1,0.43138854524550285,
-2064.9991008150196,-2.0090283552758303,-2.0090283552758303,100,1,1,0,0.22745895385742188,1.407762050628662,0,EIG-1,0.5266829265579224,
-2016.7397184058702,-1.7974959656582612,-1.7974959656582612,100,1,1,0,0.23923397064208984,1.648622989654541,0,EIG-1,0.6161831762040144,
-1985.463447610221,-1.8173944749585724,-1.8173944749585724,100,1,1,0,0.24193811416625977,1.892287015914917,0,EIG-1,0.6741871104540864,
-1950.238542544468,-1.8073136215068344,-1.8073136215068344,100,1,1,0,0.252636194229126,2.1466708183288574,0,EIG-1,0.7395140508284227,
