lb,cpu,cpub,eigmin,niter,status,gc
-1312.999999383009,1.525925874710083,0.16714000701904297,4.77288111141308e-12,13,1,1
