lb,cpu,cpub,eigmin,niter,status,gc
-1352.9198258023368,9.818539142608643,0.2955131530761719,5.721108735726096e-12,21,1,1
