lb,cpu,cpub,eigmin,niter,status,gc
-1749.4312626402782,26.992403030395508,0.4597659111022949,1.2253269343933803e-11,22,1,1
