lb,cpu,cpub,eigmin,niter,status,gc
-1377.17307636617,1.3423290252685547,0.15897440910339355,5.081620979511535e-12,15,1,1
