lb,cpu,cpub,eigmin,niter,status,gc
-1925.499999998367,49.802014112472534,0.67342209815979,6.8996834824478586e-15,18,1,1
