lb,eigmin,depth,density,nbnegeig,nbcuts,nbsoccuts,cpuit,cpu,status,cuttype,gc,cpub
-3476.487677874228,-1.9674907171605989,-4.917818513927267,100,23,1,0,2.441740036010742,2.445815086364746,0,FROB-0,0,0.030251026153564453
-3157.8947413540604,-2.588251672758378,-6.8785894411915525,100,24,1,0,9.389226913452148,11.839051008224487,0,FROB-0,0.14652993880882537,
-3157.8947413540604,,,,,,,12.648786067962646,24.48847723007202,-13,,0.14652993880882537,
