lb,cpuit,cpu,status,gc,cpub
-2000000000,6.275534152984619,6.276701927185059,-13,0,0.061044931411743164
