lb,cpu,cpub,eigmin,niter,status,gc
-1324.4999999985607,18.038092851638794,0.46245288848876953,4.148259193656461e-15,15,1,1
