lb,cpuit,cpu,status,gc,cpub
-2000000000,12.768242120742798,12.768898010253906,-13,0,0.030294179916381836
