lb,eigmin,depth,density,nbnegeig,nbcuts,nbsoccuts,cpuit,cpu,status,cuttype,gc,cpub
-1965.9985602665206,-1.7591956270966904,-3.3978422736359266,100,12,1,0,0.16551995277404785,0.1672201156616211,0,FROB-0,0,0.011842012405395508
-1685.685627419525,-2.157728014601648,-4.095562508594809,100,13,1,0,0.19590210914611816,0.3648052215576172,0,FROB-0,0.41976225369325715,
-1526.7139765629543,-1.3774122329088412,-2.727945635844339,100,13,1,0,0.21886110305786133,0.5855071544647217,0,FROB-0,0.6578186921142251,
-1488.1739692554274,-1.2587861354146075,-2.1598577505741305,94,12,1,0,0.2256171703338623,0.8132979869842529,0,FROB-0,0.7155314781796199,
-1463.4039534827768,-1.1733717298868025,-2.0204424657197517,90,12,1,0,0.24869608879089355,1.0637681484222412,0,FROB-0,0.7526240145072987,
-1444.8021474520847,-1.234747548676767,-2.055318584338726,100,13,1,0,0.31259799003601074,1.378005027770996,0,FROB-0,0.7804797967678703,
-1433.3376934965754,-0.9429980452984338,-1.4842041308157623,100,13,1,0,0.26027798652648926,1.6401240825653076,0,FROB-0,0.7976475563173517,
-1427.6322367904818,-0.8973012761877038,-1.2399578744290598,100,14,1,0,0.241347074508667,1.8832390308380127,0,FROB-0,0.8061913482179788,
-1417.634053102266,-0.7653770664700325,-1.2390888793744952,100,12,1,0,0.26620984077453613,2.151198148727417,0,FROB-0,0.8211634013272635,
