lb,cpu,cpub,eigmin,niter,status,gc
-857.9079108406534,0.30582380294799805,0.07652497291564941,2.920040835703917e-10,20,1,1
