lb,cpu,cpub,eigmin,niter,status,gc
-2004.2285700234204,7.250669002532959,0.2955958843231201,2.5459607139872875e-12,18,1,1
