lb,cpuit,cpu,status,gc,cpub
-2000000000,15.090934038162231,15.091983318328857,-13,0,0.043791770935058594
