lb,eigmin,depth,density,nbnegeig,nbcuts,nbsoccuts,cpuit,cpu,status,cuttype,gc,cpub
-1870.7479161102776,-1.552726342187783,-1.552726342187783,100,1,1,0,0.46903300285339355,0.4719409942626953,0,EIG-1,0,0.020804882049560547
-1870.7458380824105,-1.7241181813158053,-1.7241181813158053,100,1,1,0,0.4978468418121338,0.9724740982055664,0,EIG-1,4.6934785947186415e-06,
-1870.74982234467,-1.9828752294561598,-1.9828752294561598,100,1,1,0,0.6345579624176025,1.609696865081787,0,EIG-1,-4.30546214463417e-06,
-1870.7499393228504,-1.915650167608139,-1.915650167608139,100,1,1,0,0.751676082611084,2.3641350269317627,0,EIG-1,-4.5696715877536476e-06,
-1870.7479390859341,-2.0750064863028017,-2.0750064863028017,100,1,1,0,0.9998009204864502,3.3702709674835205,0,EIG-1,-5.18933137442824e-08,
-1870.749744687169,-2.2937284507383096,-2.2937284507383096,100,1,1,0,1.1281840801239014,4.501718044281006,0,EIG-1,-4.1300632363042344e-06,
-1868.6263058961092,-2.412543927031672,-2.412543927031672,100,1,1,0,1.2770190238952637,5.781450033187866,0,EIG-1,0.004791914624464287,
-1864.9306632690977,-2.3544588337389056,-2.3544588337389056,100,1,1,0,1.0410048961639404,6.8263468742370605,0,EIG-1,0.013138972831907526,
