lb,eigmin,depth,density,nbnegeig,nbcuts,nbsoccuts,cpuit,cpu,status,cuttype,gc,cpub
-2137.9987875284965,-1.7031003625242382,-1.7031003625242382,100,1,1,0,0.21518301963806152,0.21688508987426758,0,EIG-1,0,0.011462688446044922
-2119.7046888010273,-2.182795715844659,-2.182795715844659,100,1,1,0,0.23967599868774414,0.45825624465942383,0,EIG-1,0.033815415388968414,
-2046.336390236907,-1.8941938672444352,-1.8941938672444352,100,1,1,0,0.24581289291381836,0.7057411670684814,0,EIG-1,0.16943179798792704,
-2008.7315599557294,-1.9463696809815956,-1.9463696809815956,100,1,1,0,0.22667479515075684,0.9340691566467285,0,EIG-1,0.2389418064083087,
-1961.2269075163683,-1.8612107821847008,-1.8612107821847008,100,1,1,0,0.24142003059387207,1.1771411895751953,0,EIG-1,0.3267509725813063,
-1917.8819671868882,-1.9611744071635941,-1.9611744071635941,100,1,1,0,0.24796199798583984,1.4273972511291504,0,EIG-1,0.4068711897117945,
-1864.8516411995365,-1.9378350697666697,-1.9378350697666697,100,1,1,0,0.24962997436523438,1.678711175918579,0,EIG-1,0.5048941930960548,
