lb,cpu,cpub,eigmin,niter,status,gc
-2545.732924180685,9.285413026809692,0.29523515701293945,1.0789099128178915e-11,23,1,1
