lb,eigmin,depth,density,nbnegeig,nbcuts,nbsoccuts,cpuit,cpu,status,cuttype,gc,cpub
-1636.997100346801,-1.5398950453685576,-1.5398950453685576,100,1,1,0,0.1992788314819336,0.20084309577941895,0,EIG-1,0,0.011844635009765625
-1636.9979952920978,-1.8393832193577901,-1.8393832193577901,100,1,1,0,0.19606995582580566,0.3985931873321533,0,EIG-1,-3.4444285907012723e-06,
-1635.5658572579975,-2.24639358090709,-2.24639358090709,100,1,1,0,0.2729148864746094,0.6733472347259521,0,EIG-1,0.005508509439874609,
-1621.3928171935656,-2.174884382955948,-2.174884382955948,100,1,1,0,0.25627899169921875,0.9314641952514648,0,EIG-1,0.06005712217896632,
-1605.8443684791403,-2.1184261909253297,-2.1184261909253297,100,1,1,0,0.21835803985595703,1.1515371799468994,0,EIG-1,0.1198993510699501,
-1581.1019322500727,-1.9529899963370758,-1.9529899963370758,100,1,1,0,0.21848607063293457,1.372124195098877,0,EIG-1,0.21512702035934606,
-1565.6495120788488,-1.8791463666765036,-1.8791463666765036,100,1,1,0,0.19557809829711914,1.569467306137085,0,EIG-1,0.2745996585491685,
