lb,cpu,cpub,eigmin,niter,status,gc
-1789.5636459262184,26.745592832565308,0.4617729187011719,1.3078420017925349e-11,21,1,1
