lb,cpu,cpub,eigmin,niter,status,gc
-1454.8419990083446,30.874264001846313,0.4665040969848633,2.7932053185590185e-12,27,1,1
