lb,cpu,cpub,eigmin,niter,status,gc
-1604.9999997025259,6.378796815872192,0.2962150573730469,5.713120518336691e-13,16,1,1
