lb,eigmin,depth,density,nbnegeig,nbcuts,nbsoccuts,cpuit,cpu,status,cuttype,gc,cpub
-2578.498594477567,-2.143487412425572,-4.055805239461287,100,12,1,0,0.23608899116516113,0.23785114288330078,0,FROB-0,0,0.011441946029663086
-2060.9543236145178,-1.958341804834463,-4.111511921597615,100,13,1,0,0.24868321418762207,0.4881930351257324,0,FROB-0,0.4655623071661896,
-1750.4642606195584,-1.967926121808035,-3.870892050673851,100,14,1,0,0.24655890464782715,0.7364699840545654,0,FROB-0,0.7448668579422135,
-1583.0586805015587,-0.6763859611644023,-1.4196662869688292,100,13,1,0,0.3016970157623291,1.039829969406128,0,FROB-0,0.8954582807440977,
-1568.9850732856996,-0.31362382469251615,-0.6009269168476432,100,14,1,0,0.3154129981994629,1.3568949699401855,0,FROB-0,0.9081183398239515,
-1555.4836683599367,-0.31283999471664253,-0.5977561005780035,100,13,1,0,0.3121349811553955,1.6706910133361816,0,FROB-0,0.9202636684095451,
-1545.0243479885116,-0.3015872234538921,-0.5843598796078096,100,14,1,0,0.41260695457458496,2.08579421043396,0,FROB-0,0.929672458338551,
-1535.5727886922489,-0.3105274977574148,-0.5351789952483321,100,13,1,0,0.3852081298828125,2.472667932510376,0,FROB-0,0.9381747063587026,
