lb,eigmin,depth,density,nbnegeig,nbcuts,nbsoccuts,cpuit,cpu,status,cuttype,gc,cpub
-2460.497003347395,-2.0207113678415256,-2.0207113678415256,100,1,1,0,0.20126891136169434,0.20295500755310059,0,EIG-1,0,0.011226654052734375
-2379.9590862895416,-2.148183267568726,-2.148183267568726,100,1,1,0,0.23747897148132324,0.4420783519744873,0,EIG-1,0.08332971068584821,
-2320.510431795022,-2.1552706043981704,-2.1552706043981704,100,1,1,0,0.21294713020324707,0.6566312313079834,0,EIG-1,0.1448391134697905,
-2240.2093062838767,-2.3520676408342784,-2.3520676408342784,100,1,1,0,0.21092987060546875,0.8692443370819092,0,EIG-1,0.2279238243865752,
-2148.93109129632,-1.9132471663139112,-1.9132471663139112,100,1,1,0,0.26139307022094727,1.1322822570800781,0,EIG-1,0.3223661383263549,
-2093.675532970339,-2.0621798950033807,-2.0621798950033807,100,1,1,0,0.2542130947113037,1.3881332874298096,0,EIG-1,0.3795370940363401,
-2005.5078473361934,-1.9796350517056651,-1.9796350517056651,100,1,1,0,0.25304198265075684,1.6428501605987549,0,EIG-1,0.47076105417993996,
-1954.4941789373709,-2.135443919699649,-2.135443919699649,100,1,1,0,0.25608110427856445,1.9005472660064697,0,EIG-1,0.5235430776539771,
-1890.9057960811454,-1.9217614533374554,-1.9217614533374554,100,1,1,0,0.28769898414611816,2.189857244491577,0,EIG-1,0.5893357097453172,
