lb,cpuit,cpu,status,gc,cpub
-2000000000,5.60492205619812,5.605600118637085,-13,0,0.030244827270507812
