lb,cpu,cpub,eigmin,niter,status,gc
-965.248157013714,2.2525930404663086,0.1696791648864746,1.9837979395383627e-13,20,1,1
