lb,cpu,cpub,eigmin,niter,status,gc
-1211.9998708354024,54.58059501647949,0.6706621646881104,6.406235719224051e-10,19,1,1
