lb,cpu,cpub,eigmin,niter,status,gc
-1952.4999998357343,9.399962902069092,0.2939577102661133,2.4747822838496146e-13,17,1,1
