lb,cpuit,cpu,status,gc,cpub
-2000000000,17.126667022705078,17.12735891342163,-13,0,0.030308246612548828
