lb,cpu,cpub,eigmin,niter,status,gc
-1298.2088045639143,1.8341729640960693,0.16272306442260742,7.082710640852788e-11,19,1,1
