lb,cpu,cpub,eigmin,niter,status,gc
-714.6731661507987,1.5207960605621338,0.1516122817993164,4.306172328864463e-11,17,1,1
