lb,cpu,cpub,eigmin,niter,status,gc
-1261.081015268693,3.6335408687591553,0.16916298866271973,2.9335714376345126e-12,23,1,1
