lb,cpuit,cpu,status,gc,cpub
-2000000000,8.472693920135498,8.47335696220398,-13,0,0.03012681007385254
