lb,cpuit,cpu,status,gc,cpub
-2000000000,12.816192150115967,12.81702184677124,-13,0,0.049407005310058594
