lb,cpuit,cpu,status,gc,cpub
-2000000000,20.69162917137146,20.69266676902771,-13,0,0.043601274490356445
