lb,eigmin,depth,density,nbnegeig,nbcuts,nbsoccuts,cpuit,cpu,status,cuttype,gc,cpub
-1010.7490792447245,-1.304901368789057,-2.3604266646520884,100,9,1,0,0.05246400833129883,0.05335688591003418,0,FROB-0,0,0.005326271057128906
-809.5642619465851,-1.380475702253112,-2.3043835078152552,100,8,1,0,0.05748796463012695,0.11174297332763672,0,FROB-0,0.6612823666818071,
-747.6905599823053,-0.277357337023119,-0.39454311490630417,100,9,1,0,0.09162497520446777,0.2043008804321289,0,FROB-0,0.8646574951820337,
-731.5040600970434,-0.3007246902510259,-0.48125507937055884,100,10,1,0,0.07310199737548828,0.2782888412475586,0,FROB-0,0.9178615445540029,
-730.2829281472292,-0.1295931811209499,-0.22097524236949342,100,10,1,0,0.07769417762756348,0.3568587303161621,0,FROB-0,0.9218753316610451,
