lb,cpu,cpub,eigmin,niter,status,gc
-2094.499999998439,24.907284021377563,0.4634878635406494,3.7817241512737874e-15,20,1,1
