lb,cpuit,cpu,status,gc,cpub
-2000000000,20.723940134048462,20.724949836730957,-13,0,0.04367399215698242
