lb,eigmin,depth,density,nbnegeig,nbcuts,nbsoccuts,cpuit,cpu,status,cuttype,gc,cpub
-2346.7413351782657,-2.1354232888850255,-2.1354232888850255,100,1,1,0,0.19019389152526855,0.19183897972106934,0,EIG-1,0,0.011423110961914062
-2258.684147446269,-1.9235232351319766,-1.9235232351319766,100,1,1,0,0.23384499549865723,0.4273197650909424,0,EIG-1,0.08384471719258108,
-2177.0155189182274,-2.065571582045384,-2.065571582045384,100,1,1,0,0.22283005714416504,0.6518909931182861,0,EIG-1,0.16160649040841463,
-2098.8096623766487,-2.0023013638032543,-2.0023013638032543,100,1,1,0,0.23720312118530273,0.8907909393310547,0,EIG-1,0.23607114336200433,
-2010.6983776747752,-2.009007033004253,-2.009007033004253,100,1,1,0,0.26473402976989746,1.1572299003601074,0,EIG-1,0.31996736963927364,
-1933.735411766551,-2.0468934485059154,-2.0468934485059154,100,1,1,0,0.2095928192138672,1.368520975112915,0,EIG-1,0.39324858923167005,
-1883.1478250621465,-1.9129820946750793,-1.9129820946750793,100,1,1,0,0.23154878616333008,1.6018130779266357,0,EIG-1,0.44141617225277485,
-1831.5631139769785,-1.878315558775288,-1.878315558775288,100,1,1,0,0.2505319118499756,1.8540120124816895,0,EIG-1,0.4905331793227762,
-1798.289872905154,-1.8596777829782363,-1.8596777829782363,100,1,1,0,0.26114702224731445,2.1168148517608643,0,EIG-1,0.522214698567275,
