lb,eigmin,depth,density,nbnegeig,nbcuts,nbsoccuts,cpuit,cpu,status,cuttype,gc,cpub
-1046.3628157274752,-1.1319387625658284,-2.626510101191187,100,15,1,0,0.4942970275878906,0.49722909927368164,0,FROB-0,0,0.01948070526123047
-1046.3634779488136,-2.1011185276580844,-4.955241698330378,100,19,1,0,1.1936020851135254,1.693451166152954,0,FROB-0,-3.2012584576168104e-06,
-1019.1488713073662,-2.451703556249758,-4.9700236761783145,100,18,1,0,0.8528339862823486,2.5488712787628174,0,FROB-0,0.13155551578622493,
-990.1662629050678,-2.140780730831603,-4.539484837884054,100,17,1,0,0.886627197265625,3.4381513595581055,0,FROB-0,0.27166096828274594,
-969.4046673127147,-1.770775499063181,-4.042044677902591,100,17,1,0,0.8083000183105469,4.249135255813599,0,FROB-0,0.37202504540928016,
-951.7823700638326,-1.6574570501601893,-3.92325177314656,100,17,1,0,0.6876370906829834,4.939435243606567,0,FROB-0,0.45721337269203177,
-939.5518507778764,-1.9108265932386372,-4.092335075399794,100,15,1,0,0.7887060642242432,5.731987237930298,0,FROB-0,0.5163371898116261,
-927.7397001210528,-1.6582179056809014,-3.920242575716148,100,16,1,0,0.6782240867614746,6.414517402648926,0,FROB-0,0.5734385621159944,
