lb,cpu,cpub,eigmin,niter,status,gc
0.10337793590118412,0.006989955902099609,0.022968053817749023,1.556830096085687e-12,9,1,1
