lb,cpu,cpub,eigmin,niter,status,gc
4.923839114212569e-14,0.6127829551696777,0.4140758514404297,7.225200740691059e-17,8,1,1
