lb,cpu,cpub,eigmin,niter,status,gc
0.000629579441580854,30.852728843688965,1.4248380661010742,2.2929720546465657e-15,22,1,1
