lb,cpu,cpub,eigmin,niter,status,gc
0.08361956614068529,0.16956710815429688,0.1671769618988037,8.404014700590966e-14,18,1,1
