lb,cpu,cpub,eigmin,niter,status,gc
4.1563892639207815e-13,1.9996330738067627,0.6547648906707764,-2.0014801914629295e-18,8,1,1
