lb,cpu,cpub,eigmin,niter,status,gc
0.03872427096405784,0.012990951538085938,0.025606870651245117,2.382715698942436e-13,11,1,1
