lb,eigmin,depth,density,nbnegeig,nbcuts,nbsoccuts,cpuit,cpu,status,cuttype,gc,cpub
-1317.4947728236602,-1.447975472972849,-8.091936189264818,100,12,1,0,0.22459888458251953,0.22641205787658691,0,EIG-0,0,0.012212038040161133
-1231.4338615925508,-2.0219619937794926,-12.114215517323824,100,13,1,0,0.22243213653564453,0.450577974319458,0,EIG-0,0.20131452813021428,
-1141.2092862248483,-1.9111962236605202,-12.142925597636397,100,13,1,0,0.2436509132385254,0.6961519718170166,0,EIG-0,0.4123687402698158,
-1075.5148039225485,-1.5140301412298511,-9.910335144874141,99,11,1,0,0.2909090518951416,0.9888908863067627,0,EIG-0,0.5660419179791578,
-1035.46454372557,-1.1961905515053188,-5.282001552580658,100,11,1,0,0.23631596565246582,1.2270069122314453,0,EIG-0,0.6597278796743034,
-1022.0620564002089,-1.0260452660954473,-4.507176965133598,100,11,1,0,0.23357295989990234,1.4623370170593262,0,EIG-0,0.6910791095541574,
-1013.0999896837417,-0.8031126258788276,-4.0400629120710745,100,12,1,0,0.2811920642852783,1.7453019618988037,0,EIG-0,0.7120432639686056,
-1006.5386070074993,-0.9397626137545287,-3.936489992089664,97,12,1,0,0.28101420402526855,2.028071880340576,0,EIG-0,0.7273917147164989,
-1001.1158453738435,-0.7537796956924547,-3.3157934374896696,100,11,1,0,0.3151261806488037,2.3449599742889404,0,EIG-0,0.740076691947456,
