lb,eigmin,depth,density,nbnegeig,nbcuts,nbsoccuts,cpuit,cpu,status,cuttype,gc,cpub
-1455.4987050395516,-1.5292259071858396,-2.8244076479157343,94,11,1,0,0.176131010055542,0.17798590660095215,0,FROB-0,0,0.012268781661987305
-1383.798373496648,-1.7265227872730546,-3.782185787176058,94,13,1,0,0.20180296897888184,0.38242602348327637,0,FROB-0,0.5067207613154174,
-1337.1987880598926,-0.3532430804723932,-0.7450220779198063,94,14,1,0,0.3378870487213135,0.7220678329467773,0,FROB-0,0.8360494673530762,
-1332.3271507376335,-0.2659839791071887,-0.5691157295625785,99,13,1,0,0.31829094886779785,1.0421648025512695,0,FROB-0,0.8704783147470474,
-1325.719514360427,-0.21428535326511422,-0.42472664927946424,94,13,1,0,0.3114650249481201,1.3555381298065186,0,FROB-0,0.917175818977555,
