lb,cpu,cpub,eigmin,niter,status,gc
-1325.167832052713,2.5129239559173584,0.16626405715942383,1.6807416011258444e-11,20,1,1
