lb,cpu,cpub,eigmin,niter,status,gc
-1088.49999863865,3.095108985900879,0.16715097427368164,1.0779004296880326e-13,21,1,1
