lb,eigmin,depth,density,nbnegeig,nbcuts,nbsoccuts,cpuit,cpu,status,cuttype,gc,cpub
-494.18202914879294,-0.7608808263281169,-1.227114440578737,86,10,1,0,0.2148900032043457,0.21665024757385254,0,FROB-0,0,0.011889934539794922
-492.7857488986697,-1.223514358656811,-2.1532231908640016,82,11,1,0,0.22964000701904297,0.4482719898223877,0,FROB-0,0.09859899866657788,
-488.4453514474011,-1.1510978026055712,-1.9897672861652933,83,10,1,0,0.20938706398010254,0.659398078918457,0,FROB-0,0.4050982436944095,
-485.67565438095386,-0.6488671528562591,-1.034637489219244,91,11,1,0,0.2337818145751953,0.8952980041503906,0,FROB-0,0.6006817286984759,
-484.75074053043716,-0.3904155030870775,-0.6714148056456691,89,10,1,0,0.234144926071167,1.1314139366149902,0,FROB-0,0.665994963277097,
-484.2945001242364,-0.3560065728602174,-0.5672503844323594,82,10,1,0,0.26825881004333496,1.40156888961792,0,FROB-0,0.6982125980955071,
-483.97548885589083,-0.29001792320657654,-0.5339012433646104,81,10,1,0,0.32297492027282715,1.7261910438537598,0,FROB-0,0.7207397316129005,
