lb,eigmin,depth,density,nbnegeig,nbcuts,nbsoccuts,cpuit,cpu,status,cuttype,gc,cpub
-610.3699866764662,-0.6326411577156286,-2.3202005388715743,100,9,1,0,0.23570799827575684,0.2373976707458496,0,EIG-0,0,0.012143135070800781
-610.3701119176577,-0.8572094472589449,-3.694168776394057,100,10,1,0,0.23739314079284668,0.4765439033508301,0,EIG-0,-3.716370524027714e-05,
-609.7554316584644,-0.773444355448452,-3.747891467995157,96,10,1,0,0.243149995803833,0.721442699432373,0,EIG-0,0.18236126039741557,
-609.0320610456411,-0.43005626170089606,-2.415571288001144,97,11,1,0,0.26363682746887207,0.9869787693023682,0,EIG-0,0.39701214245814626,
-608.8003236781359,-0.3484789972053087,-1.5904528586229094,95,9,1,0,0.3100550174713135,1.2987377643585205,0,EIG-0,0.46577721178722103,
