lb,eigmin,depth,density,nbnegeig,nbcuts,nbsoccuts,cpuit,cpu,status,cuttype,gc,cpub
-767.087007335952,-1.0389758730218706,-1.7101444492312643,100,10,1,0,0.22259092330932617,0.22429800033569336,0,FROB-0,0,0.011416912078857422
-767.0869581808895,-1.427962922012234,-2.969806814791678,100,13,1,0,0.2792549133300781,0.5057249069213867,0,FROB-0,7.981398720718491e-07,
-756.5701610781786,-1.5769314310656042,-3.382650953232223,100,12,1,0,0.2199699878692627,0.7280809879302979,0,FROB-0,0.1707639845208953,
-745.469362441677,-1.5413813716905902,-3.0320278073137876,100,13,1,0,0.2923929691314697,1.0223591327667236,0,FROB-0,0.3510097121915832,
-738.5154266330962,-1.3861469506224768,-2.7997567132892023,100,13,1,0,0.24518489837646484,1.269374132156372,0,FROB-0,0.46392205850434587,
-732.707094778356,-1.1648070247623674,-2.531901581146091,100,14,1,0,0.22284388542175293,1.4941282272338867,0,FROB-0,0.5582330208046615,
