lb,eigmin,depth,density,nbnegeig,nbcuts,nbsoccuts,cpuit,cpu,status,cuttype,gc,cpub
-494.18202914879294,-0.7608808263281169,-2.947323991028135,100,10,1,0,0.22053885459899902,0.2230057716369629,0,EIG-0,0,0.011474370956420898
-493.9659119531178,-1.1691232111782985,-5.985689719656046,100,11,1,0,0.24219107627868652,0.466933012008667,0,EIG-0,0.01526121929054984,
-488.9843197391672,-1.009493911070816,-5.1518652476070415,82,9,1,0,0.2442951202392578,0.7130496501922607,0,EIG-0,0.3670387396109845,
-486.42459675711183,-0.58590875908482,-2.364331481661637,98,10,1,0,0.23528099060058594,0.9505348205566406,0,EIG-0,0.547794804070254,
-485.70650272314913,-0.42182045912338695,-2.066993310052109,98,11,1,0,0.21828579902648926,1.1709339618682861,0,EIG-0,0.5985033582383129,
-485.27853549968296,-0.4037860540131947,-1.7308394809108358,91,9,1,0,0.2561469078063965,1.4287528991699219,0,EIG-0,0.6287244687153499,
-484.99812161452434,-0.4205840541279946,-1.6443010101291229,100,12,1,0,0.2586820125579834,1.6891777515411377,0,EIG-0,0.6485260295312423,
