lb,eigmin,depth,density,nbnegeig,nbcuts,nbsoccuts,cpuit,cpu,status,cuttype,gc,cpub
-1347.4916901214476,-1.4661439062277364,-2.810334888093404,100,12,1,0,0.17020797729492188,0.1721498966217041,0,FROB-0,0,0.011934041976928711
-1286.545837381269,-1.995928094077806,-3.881169090361263,100,15,1,0,0.23295903205871582,0.40691304206848145,0,FROB-0,0.12652742652234505,
-1197.709150993989,-1.9220255324821285,-3.8737587000950455,100,13,1,0,0.23071694374084473,0.6393537521362305,0,FROB-0,0.31095797928323876,
-1121.2063920281648,-1.8261233499541454,-3.6596703472215926,100,15,1,0,0.24547505378723145,0.8866088390350342,0,FROB-0,0.46978252235872886,
-1070.1676935421326,-1.5155724532898505,-3.359894688252637,100,13,1,0,0.2143111228942871,1.1026928424835205,0,FROB-0,0.5757420730441236,
-1031.8806580959463,-1.6028909108580627,-3.316544337264072,100,13,1,0,0.2268359661102295,1.3313300609588623,0,FROB-0,0.6552283686059889,
-1008.0181128019696,-1.5918395106803545,-2.8581842256792775,100,13,1,0,0.23511314392089844,1.568227767944336,0,FROB-0,0.7047685146630366,
-994.6783574215063,-1.7869746051790507,-3.258655797852555,100,14,1,0,0.27242398262023926,1.842458963394165,0,FROB-0,0.7324626865031313,
-986.6938237983153,-1.4291856364452555,-2.7897388362537923,100,13,1,0,0.2712399959564209,2.1154708862304688,0,FROB-0,0.7490390808909562,
