lb,cpu,cpub,eigmin,niter,status,gc
-865.810726433978,1.9590320587158203,0.16593480110168457,2.070643005555315e-14,19,1,1
