lb,cpu,cpub,eigmin,niter,status,gc
-1313.9999999997706,1.054358959197998,0.16602706909179688,3.905615727790241e-15,11,1,1
