lb,eigmin,depth,density,nbnegeig,nbcuts,nbsoccuts,cpuit,cpu,status,cuttype,gc,cpub
-1347.4916901214476,-1.4661439062277364,-1.4661439062277364,100,1,1,0,0.16641497611999512,0.16817378997802734,0,EIG-1,0,0.011681079864501953
-1347.4998432410325,-1.5240593798249387,-1.5240593798249387,100,1,1,0,0.26749181747436523,0.4373610019683838,0,EIG-1,-1.692638945597577e-05,
-1347.4994831170409,-1.8168967271498588,-1.8168967271498588,100,1,1,0,0.3154919147491455,0.7545747756958008,0,EIG-1,-1.6178749381342658e-05,
-1346.3667326743416,-2.0821986089942053,-2.0821986089942053,100,1,1,0,0.3762638568878174,1.1325430870056152,0,EIG-1,0.0023354824705838027,
-1342.1050479969658,-2.056691277947545,-2.056691277947545,100,1,1,0,0.36275315284729004,1.4969758987426758,0,EIG-1,0.011183008112350533,
-1337.894723326129,-2.181151355813304,-2.181151355813304,100,1,1,0,0.39788389205932617,1.8965978622436523,0,EIG-1,0.019923907147689247,
-1328.070059956521,-2.1218304357640596,-2.1218304357640596,100,1,1,0,0.2776508331298828,2.176015853881836,0,EIG-1,0.04032052671595315,
