lb,cpu,cpub,eigmin,niter,status,gc
-480.02082803107254,1.3647210597991943,0.1624608039855957,1.2712584267294712e-10,16,1,1
