lb,cpu,cpub,eigmin,niter,status,gc
-1364.8448275223398,2.5241708755493164,0.16508126258850098,2.529692761766161e-13,14,1,1
