lb,cpu,cpub,eigmin,niter,status,gc
-705.4999795602764,1.192798137664795,0.17088079452514648,2.3024452029283235e-10,14,1,1
