lb,cpu,cpub,eigmin,niter,status,gc
-1263.4040277591148,3.4885849952697754,0.1674659252166748,8.859735535059228e-12,24,1,1
