lb,eigmin,depth,density,nbnegeig,nbcuts,nbsoccuts,cpuit,cpu,status,cuttype,gc,cpub
-1455.4987050395516,-1.5292259071858396,-1.5292259071858396,94,1,1,0,0.17712020874023438,0.17892193794250488,0,EIG-1,0,0.011749029159545898
-1455.49875802314,-1.7614962961056209,-1.7614962961056209,94,1,1,0,0.1789548397064209,0.3596041202545166,0,EIG-1,-3.7444574747492597e-07,
-1455.4996489131377,-1.8373168170203307,-1.8373168170203307,94,1,1,0,0.2561070919036865,0.6174240112304688,0,EIG-1,-6.670545753568372e-06,
-1454.1132362805054,-2.26609973136404,-2.26609973136404,94,1,1,0,0.31548094749450684,0.9347038269042969,0,EIG-1,0.009791388257982644,
-1447.7219794703276,-1.9849313812833305,-1.9849313812833305,94,1,1,0,0.2644369602203369,1.2008719444274902,0,EIG-1,0.05495969427450006,
-1438.1000838989537,-2.065348804162932,-2.065348804162932,94,1,1,0,0.2547450065612793,1.4573090076446533,0,EIG-1,0.12295957857498742,
