lb,eigmin,depth,density,nbnegeig,nbcuts,nbsoccuts,cpuit,cpu,status,cuttype,gc,cpub
-1455.4987050395516,-1.5292259071858396,-7.903795002992983,99,11,1,0,0.18079400062561035,0.18271374702453613,0,EIG-0,0,0.02923893928527832
-1390.9019781779336,-1.9610411812807118,-12.46073403192275,94,13,1,0,0.21339893341064453,0.39782190322875977,0,EIG-0,0.45651814865342555,
-1347.6506157258298,-0.5421956270805031,-3.442894609119612,94,12,1,0,0.2669861316680908,0.6666240692138672,0,EIG-0,0.7621842848908149,
-1340.1105445322332,-0.4410158991804393,-2.262562224780842,100,12,1,0,0.3269360065460205,0.9952929019927979,0,EIG-0,0.8154714947735958,
-1333.7277771903994,-0.31426511835498866,-2.087998832254988,99,14,1,0,0.28545498847961426,1.282588005065918,0,EIG-0,0.8605798039983299,
