lb,eigmin,depth,density,nbnegeig,nbcuts,nbsoccuts,cpuit,cpu,status,cuttype,gc,cpub
-1788.2485228693306,-1.741787047691073,-10.587870058087768,100,13,1,0,0.24138212203979492,0.2432570457458496,0,EIG-0,0,0.011761903762817383
-1496.870341069777,-2.005254656684967,-12.489231967874062,100,13,1,0,0.241225004196167,0.48625993728637695,0,EIG-0,0.37755707782101733,
-1283.8450814755615,-1.8913684684765937,-11.223729480585034,100,12,1,0,0.3076338768005371,0.7962181568145752,0,EIG-0,0.653587335192123,
-1186.0005671688064,-1.6257885328135437,-10.560239412667146,100,13,1,0,0.33986902236938477,1.137807846069336,0,EIG-0,0.7803706402231374,
-1162.1376004891235,-0.4683553451238393,-2.665511946941208,100,13,1,0,0.44764208793640137,1.5872130393981934,0,EIG-0,0.8112913904044922,
-1147.5012291583118,-0.6338106269061601,-3.0079643232244133,100,13,1,0,0.36240196228027344,1.9512901306152344,0,EIG-0,0.830256659373622,
-1136.9931742804956,-0.9470665655040394,-3.222814067997256,100,13,1,0,0.39054203033447266,2.343536853790283,0,EIG-0,0.8438726084771155,
-1132.0387071039993,-0.7102158640325665,-2.7172842240222796,100,13,1,0,0.42692995071411133,2.7722020149230957,0,EIG-0,0.8502924239134165,
-1124.8823644937672,-0.4517224330228937,-2.3185798650214178,100,13,1,0,0.4127490520477295,3.186628818511963,0,EIG-0,0.8595653481492606,
