lb,eigmin,depth,density,nbnegeig,nbcuts,nbsoccuts,cpuit,cpu,status,cuttype,gc,cpub
-610.3699866764662,-0.6326411577156286,-0.6326411577156286,89,1,1,0,0.22840499877929688,0.2301640510559082,0,EIG-1,0,0.011476993560791016
-610.3702408377717,-0.6319355981598578,-0.6319355981598578,82,1,1,0,0.23117589950561523,0.4630112648010254,0,EIG-1,-7.541908317597363e-05,
-610.3687954035404,-0.7611786467241147,-0.7611786467241147,92,1,1,0,0.21130800247192383,0.6759541034698486,0,EIG-1,0.0003534948472619401,
-610.3697286878231,-0.8200869118988557,-0.8200869118988557,87,1,1,0,0.2015070915222168,0.8791201114654541,0,EIG-1,7.655479613365839e-05,
-610.3680299940095,-0.9583023469787837,-0.9583023469787837,93,1,1,0,0.2161850929260254,1.0970661640167236,0,EIG-1,0.0005806202350448631,
-610.3664555235216,-0.9372667464366354,-0.9372667464366354,96,1,1,0,0.2591259479522705,1.3578879833221436,0,EIG-1,0.0010478240072304178,
