lb,eigmin,depth,density,nbnegeig,nbcuts,nbsoccuts,cpuit,cpu,status,cuttype,gc,cpub
-1347.4916901214476,-1.4661439062277364,-8.391166077793235,100,12,1,0,0.16213297843933105,0.16386103630065918,0,EIG-0,0,0.011965751647949219
-1299.5426577895275,-1.9562541269231943,-12.349809386786687,100,14,1,0,0.2630481719970703,0.4286201000213623,0,EIG-0,0.09954520927057224,
-1219.161164145664,-1.9317133924194683,-12.017564507897623,100,14,1,0,0.22059893608093262,0.6509761810302734,0,EIG-0,0.2664222496844375,
-1146.5648216000989,-1.9228812195878697,-11.635396236677625,100,13,1,0,0.2150249481201172,0.867997407913208,0,EIG-0,0.4171368263822787,
-1098.823622720619,-1.5486105640057428,-10.583885848436067,100,14,1,0,0.2263939380645752,1.0961213111877441,0,EIG-0,0.5162505603235188,
-1074.3407509128624,-1.6667340569034335,-10.180633619337407,100,13,1,0,0.24733209609985352,1.3452541828155518,0,EIG-0,0.5670785432695955,
-1055.4350811496906,-1.8156811406426698,-9.870763315270171,100,12,1,0,0.2573511600494385,1.6043353080749512,0,EIG-0,0.606327903714403,
-1039.2837816211288,-1.6674578673050362,-9.847363299862993,100,12,1,0,0.29581689834594727,1.9019253253936768,0,EIG-0,0.63985901817846,
-1024.1047542962488,-1.717725535026394,-10.25484748758558,100,13,1,0,0.342911958694458,2.246586322784424,0,EIG-0,0.6713716343480471,
