lb,eigmin,depth,density,nbnegeig,nbcuts,nbsoccuts,cpuit,cpu,status,cuttype,gc,cpub
-2642.740726051224,-2.0304332208082316,-4.261058743519797,100,13,1,0,0.20322012901306152,0.2050328254699707,0,FROB-0,0,0.011628866195678711
-1971.1888089405918,-1.8571142370794713,-4.101889221727448,100,13,1,0,0.23595190048217773,0.4427659511566162,0,FROB-0,0.5255137901950573,
-1685.433400792205,-1.8242207655678149,-3.8242261282105923,100,13,1,0,0.2705700397491455,0.715054988861084,0,FROB-0,0.7491277860435054,
-1585.4949413116349,-0.7129075108111445,-1.5371770217509613,100,14,1,0,0.2820310592651367,0.9988420009613037,0,FROB-0,0.8273332639667222,
-1553.1939640222374,-0.947431659076011,-1.5020248812686197,100,13,1,0,0.4131650924682617,1.4137158393859863,0,FROB-0,0.8526099530355129,
-1547.3809427923945,-0.5697251439533016,-1.2006915187627385,100,13,1,0,0.36932802200317383,1.784708023071289,0,FROB-0,0.8571588534870559,
-1525.159155841748,-0.9096213293782631,-1.2552570203282978,100,13,1,0,0.3117179870605469,2.098191976547241,0,FROB-0,0.8745482096750116,
-1517.2048979616825,-0.48588101365978514,-1.0521239639968984,100,14,1,0,0.3579590320587158,2.4578678607940674,0,FROB-0,0.8807727056525184,
-1502.2462519557073,-0.6677940882990734,-1.088539402736175,100,13,1,0,0.3364238739013672,2.7960281372070312,0,FROB-0,0.8924783899912784,
