lb,cpu,cpub,eigmin,niter,status,gc
-1016.5024772616706,2.835336208343506,0.16748809814453125,1.3112448617274008e-11,22,1,1
