lb,eigmin,depth,density,nbnegeig,nbcuts,nbsoccuts,cpuit,cpu,status,cuttype,gc,cpub
-767.087007335952,-1.0389758730218706,-1.0389758730218706,100,1,1,0,0.24973607063293457,0.2515377998352051,0,EIG-1,0,0.01183629035949707
-767.0868717266083,-1.0483102972227285,-1.0483102972227285,100,1,1,0,0.19830703735351562,0.4517359733581543,0,EIG-1,2.201914081796618e-06,
-767.085865314762,-1.075269192823923,-1.075269192823923,100,1,1,0,0.20058202743530273,0.6540248394012451,0,EIG-1,1.8543210009981155e-05,
-767.0866419173644,-1.2436738235034583,-1.2436738235034583,100,1,1,0,0.20911598205566406,0.8648996353149414,0,EIG-1,5.933369424252858e-06,
-767.0863764447438,-1.2387013371970406,-1.2387013371970406,100,1,1,0,0.249647855758667,1.1163678169250488,0,EIG-1,1.0243897634951644e-05,
-767.0871801148461,-1.4213486845207177,-1.4213486845207177,100,1,1,0,0.2576420307159424,1.375694751739502,0,EIG-1,-2.8054429701428005e-06,
