lb,cpu,cpub,eigmin,niter,status,gc
-889.9999862802691,1.9385018348693848,0.1630392074584961,3.1496244355301336e-11,20,1,1
