lb,eigmin,depth,density,nbnegeig,nbcuts,nbsoccuts,cpuit,cpu,status,cuttype,gc,cpub
-767.087007335952,-1.0389758730218706,-4.554652382989152,100,10,1,0,0.22845792770385742,0.2302560806274414,0,EIG-0,0,0.011648178100585938
-767.0861912457508,-1.5922654163199421,-8.86070979422368,100,12,1,0,0.23627996444702148,0.4682478904724121,0,EIG-0,1.3251008055496648e-05,
-758.8060981978572,-1.9970835642838676,-9.766873664395325,100,13,1,0,0.2053229808807373,0.6752569675445557,0,EIG-0,0.13445865853856676,
-747.5506317512135,-1.8421686291849637,-9.640574189928532,100,12,1,0,0.21952414512634277,0.8965370655059814,0,EIG-0,0.3172157561475079,
-741.6754737519219,-1.459777671355994,-9.13341113854025,100,13,1,0,0.22178316116333008,1.1206529140472412,0,EIG-0,0.4126117869592435,
-737.2095057341196,-1.479567418327933,-8.111678662211009,100,12,1,0,0.20606279373168945,1.3285491466522217,0,EIG-0,0.48512653850837073,
-734.5052231945613,-1.5063514910272624,-6.562883565999751,100,12,1,0,0.26651692390441895,1.5969719886779785,0,EIG-0,0.529036475994044,
