lb,eigmin,depth,density,nbnegeig,nbcuts,nbsoccuts,cpuit,cpu,status,cuttype,gc,cpub
-494.18202914879294,-0.7608808263281169,-0.7608808263281169,83,1,1,0,0.2390279769897461,0.2407548427581787,0,EIG-1,0,0.012459039688110352
-494.18063645251624,-0.8979554430656159,-0.8979554430656159,82,1,1,0,0.2181990146636963,0.4607889652252197,0,EIG-1,9.834591466631927e-05,
-494.1814924781542,-1.0035203715146128,-1.0035203715146128,82,1,1,0,0.2391948699951172,0.7021028995513916,0,EIG-1,3.7897254213272984e-05,
-494.1824679426088,-1.1557310332178181,-1.1557310332178181,82,1,1,0,0.2535109519958496,0.9572939872741699,0,EIG-1,-3.098563548576595e-05,
-494.1821538620122,-1.0723117668918027,-1.0723117668918027,82,1,1,0,0.2572500705718994,1.2161989212036133,0,EIG-1,-8.806683716744426e-06,
-493.5597675366794,-1.1922931680566788,-1.1922931680566788,82,1,1,0,0.22942304611206055,1.447295904159546,0,EIG-1,0.04394130179642067,
-492.7718560531749,-1.210705582908775,-1.210705582908775,82,1,1,0,0.22551989555358887,1.67464017868042,0,EIG-1,0.09958004860572633,
