lb,cpu,cpub,eigmin,niter,status,gc
-606.9999999991288,1.0986230373382568,0.1655440330505371,1.8038408658277655e-14,12,1,1
