lb,eigmin,depth,density,nbnegeig,nbcuts,nbsoccuts,cpuit,cpu,status,cuttype,gc,cpub
-1317.4947728236602,-1.447975472972849,-1.447975472972849,100,1,1,0,0.23448610305786133,0.2362830638885498,0,EIG-1,0,0.011970758438110352
-1317.4999535736445,-1.518171746727401,-1.518171746727401,100,1,1,0,0.20210504531860352,0.4400811195373535,0,EIG-1,-1.2118861205559873e-05,
-1317.4992302882818,-1.8962914859503335,-1.8962914859503335,100,1,1,0,0.2613871097564697,0.7032029628753662,0,EIG-1,-1.0426944986982215e-05,
-1316.7232897022932,-1.9749818670039767,-1.9749818670039767,100,1,1,0,0.3889279365539551,1.094101905822754,0,EIG-1,0.0018046608886275828,
-1309.1810744215916,-1.935146341489719,-1.935146341489719,100,1,1,0,0.3265390396118164,1.4223790168762207,0,EIG-1,0.019447484890496598,
-1299.095705232526,-1.8921041611154688,-1.8921041611154688,100,1,1,0,0.2990241050720215,1.7232191562652588,0,EIG-1,0.043039279472632364,
-1286.4789430797564,-1.889478299476769,-1.889478299476769,100,1,1,0,0.2580678462982178,1.9830751419067383,0,EIG-1,0.07255253331786705,
-1271.2715515834377,-1.8221032827452048,-1.8221032827452048,100,1,1,0,0.23560595512390137,2.220461130142212,0,EIG-1,0.10812581274726453,
