lb,cpu,cpub,eigmin,niter,status,gc
-1186.0375204235615,2.5543980598449707,0.16542291641235352,2.9973443218169968e-12,17,1,1
