lb,eigmin,depth,density,nbnegeig,nbcuts,nbsoccuts,cpuit,cpu,status,cuttype,gc,cpub
-1317.4947728236602,-1.447975472972849,-2.767642429390223,100,12,1,0,0.23429107666015625,0.2361619472503662,0,FROB-0,0,0.011767148971557617
-1241.905497101625,-2.0337002671893054,-4.049206858668824,100,13,1,0,0.22418904304504395,0.462130069732666,0,FROB-0,0.17681917558160157,
-1128.3916099973849,-1.777259011541379,-3.8366320567170034,100,14,1,0,0.20289993286132812,0.6668238639831543,0,FROB-0,0.4423519742902905,
-1052.6337166851768,-1.711835293795828,-3.4555660441308107,100,13,1,0,0.20984983444213867,0.8784308433532715,0,FROB-0,0.6195655817935919,
-1003.298739720586,-1.1797196724577348,-1.9542603184297969,100,13,1,0,0.21429800987243652,1.0951449871063232,0,FROB-0,0.7349704440692238,
-990.8870422150261,-0.9835149671363916,-1.6672929804997292,100,13,1,0,0.25876402854919434,1.3558478355407715,0,FROB-0,0.7640040086792571,
-984.7713638884791,-1.0456324922316453,-1.5706905045122974,100,12,1,0,0.29932308197021484,1.6570029258728027,0,FROB-0,0.7783098634383215,
-977.5526056668431,-0.6046094931157748,-1.0865364069845889,100,12,1,0,0.2877919673919678,1.9466040134429932,0,FROB-0,0.7951960535133046,
-973.5817230156906,-0.49901733145718846,-0.9331786178213057,100,12,1,0,0.31976795196533203,2.268131971359253,0,FROB-0,0.8044847811800441,
