lb,eigmin,depth,density,nbnegeig,nbcuts,nbsoccuts,cpuit,cpu,status,cuttype,gc,cpub
-610.3699866764662,-0.6326411577156286,-0.9824164804788619,92,9,1,0,0.22789883613586426,0.23020172119140625,0,FROB-0,0,0.011810064315795898
-610.3693840275621,-0.9534570626117331,-1.5997722569660802,94,11,1,0,0.22612309455871582,0.45825695991516113,0,FROB-0,0.00017882827493963653,
-609.0070646205687,-0.5495782797750526,-1.0367422998040732,82,10,1,0,0.298781156539917,0.7588610649108887,0,FROB-0,0.4044295085980311,
-608.4970009071943,-0.25444283148084973,-0.4872127362192211,92,11,1,0,0.30922603607177734,1.069854974746704,0,FROB-0,0.5557843245694098,
-608.3067289805728,-0.25471586312087396,-0.43699189807544636,95,11,1,0,0.29314494132995605,1.365480899810791,0,FROB-0,0.6122450601269456,
